,Code,Filename,Real_flag
0,5KR,20181117_050251.avi,0.0
1,5R8,20190126_123805.avi,0.0
2,0K7,20181020_031331.avi,0.0
3,0MY,20181117_041637.avi,0.0
4,5RF,20190126_130920.avi,0.0
5,5KM,20181117_050223.avi,0.0
6,5RK,20190126_131144.avi,0.0
7,5S5,20190126_131505.avi,0.0
8,5MY,20181207_090433.avi,0.0
9,0N6,20181117_041716.avi,0.0
10,5LE,20181117_050449.avi,0.0
11,5J6,20181117_043200.avi,0.0
12,5RI,20190126_131128.avi,0.0
13,5OS,20190126_122517.avi,0.0
14,5M3,20181117_050654.avi,0.0
15,0KW,20181020_041226.avi,0.0
16,0ML,20181117_041525.avi,0.0
17,0MD,20181117_034518.avi,0.0
18,0MK,20181117_041520.avi,0.0
19,5JF,20181117_043242.avi,0.0
20,0NI,20181117_041840.avi,0.0
21,0LA,20181022_104339.avi,0.0
22,5MG,20181119_020001.avi,0.0
23,5KL,20181117_050218.avi,0.0
24,0N1,20181117_041652.avi,0.0
25,5OO,20190126_054825.avi,0.0
26,5JP,20181117_045928.avi,0.0
27,5K3,20181117_050043.avi,0.0
28,0MH,20181117_041502.avi,0.0
29,0LL,20181022_115455.avi,0.0
30,0KC,20181020_031958.avi,0.0
31,0N4,20181117_041706.avi,0.0
32,5MW,20181206_043239.avi,0.0
33,0N3,20181117_041701.avi,0.0
34,5RN,20190126_131212.avi,0.0
35,0K9,20181020_031351.avi,0.0
36,5MA,20181118_021021.avi,0.0
37,5K2,20181117_050038.avi,0.0
38,5OM,20190126_054811.avi,0.0
39,5MQ,20181206_021229.avi,0.0
40,0MN,20181117_041536.avi,0.0
41,02Y,20180819_054358.avi,0.0
42,5KE,20181117_050142.avi,0.0
43,0NE,20181117_041804.avi,0.0
44,5K6,20181117_050059.avi,0.0
45,0MU,20181117_041616.avi,0.0
46,0K2,20181020_030820.avi,0.0
47,5M8,20181117_050716.avi,0.0
48,5LO,20181117_050541.avi,0.0
49,5SK,20190126_131652.avi,0.0
50,5MH,20181119_031209.avi,0.0
51,5LP,20181117_050545.avi,0.0
52,0L3,20181021_032402.avi,0.0
53,5OQ,20190126_122455.avi,0.0
54,5JX,20181117_050012.avi,0.0
55,5KK,20181117_050212.avi,0.0
56,5SQ,20190126_131737.avi,0.0
57,0JZ,20181020_030003.avi,0.0
58,0MF,20181117_034538.avi,0.0
59,5ON,20190126_054818.avi,0.0
60,0KD,20181020_032614.avi,0.0
61,5MX,20181206_043251.avi,0.0
62,0K1,20181020_030808.avi,0.0
63,5RU,20190126_131310.avi,0.0
64,5L1,20181117_050344.avi,0.0
65,0LC,20181022_111337.avi,0.0
66,0K5,20181020_031034.avi,0.0
67,5SL,20190126_131700.avi,0.0
68,0L0,20181020_045722.avi,0.0
69,5LJ,20181117_050515.avi,0.0
70,0M0,20181023_102149.avi,0.0
71,0LW,20181023_101946.avi,0.0
72,0KH,20181020_033806.avi,0.0
73,5SN,20190126_131716.avi,0.0
74,0LH,20181022_112338.avi,0.0
75,5J8,20181117_043210.avi,0.0
76,0KQ,20181020_034847.avi,0.0
77,0NN,20181117_041914.avi,0.0
78,5JT,20181117_045950.avi,0.0
79,5ML,20181205_030922.avi,0.0
80,0NJ,20181117_041848.avi,0.0
81,5JS,20181117_045945.avi,0.0
82,5RM,20190126_131204.avi,0.0
83,5K8,20181117_050109.avi,0.0
84,0MX,20181117_041632.avi,0.0
85,5KP,20181117_050239.avi,0.0
86,0M1,20181023_102154.avi,0.0
87,5S1,20190126_131414.avi,0.0
88,5J5,20181117_043155.avi,0.0
89,5QU,20190126_122656.avi,0.0
90,5RO,20190126_131220.avi,0.0
91,5MM,20181205_030932.avi,0.0
92,0LK,20181022_114752.avi,0.0
93,5JE,20181117_043238.avi,0.0
94,5K9,20181117_050114.avi,0.0
95,5LU,20181117_050609.avi,0.0
96,0NC,20181117_041751.avi,0.0
97,5JD,20181117_043233.avi,0.0
98,5MI,20181119_104615.avi,1.0
99,5MS,20181206_021245.avi,0.0
100,0JX,20181019_030003.avi,0.0
101,0NP,20181117_041928.avi,0.0
102,0NT,20181117_041953.avi,0.0
103,5SA,20190126_131542.avi,0.0
104,0KE,20181020_033201.avi,0.0
105,5KS,20181117_050256.avi,0.0
106,0KL,20181020_034801.avi,0.0
107,5QX,20190126_122815.avi,0.0
108,5JZ,20181117_050023.avi,0.0
109,5S8,20190126_131527.avi,0.0
110,5OL,20190126_054730.avi,0.0
111,5M9,20181117_052459.avi,0.0
112,5KV,20181117_050312.avi,0.0
113,5KX,20181117_050322.avi,0.0
114,5LH,20181117_050505.avi,0.0
115,5SE,20190126_131610.avi,0.0
116,0KF,20181020_033743.avi,0.0
117,5L3,20181117_050354.avi,0.0
118,5L0,20181117_050338.avi,0.0
119,0MB,20181023_114511.avi,0.0
120,5S2,20190126_131422.avi,0.0
121,5S6,20190126_131512.avi,0.0
122,5LL,20181117_050525.avi,0.0
123,0K8,20181020_031346.avi,0.0
124,5J7,20181117_043204.avi,0.0
125,5JV,20181117_050001.avi,0.0
126,5KB,20181117_050125.avi,0.0
127,0K4,20181020_031020.avi,0.0
128,5MD,20181118_033239.avi,0.0
129,5M6,20181117_050708.avi,0.0
130,5SD,20190126_131603.avi,0.0
131,0L4,20181021_032407.avi,0.0
132,5RG,20190126_131113.avi,0.0
133,0N2,20181117_041657.avi,0.0
134,5SJ,20190126_131645.avi,0.0
135,0KA,20181020_031914.avi,0.0
136,5LM,20181117_050531.avi,0.0
137,5KN,20181117_050228.avi,0.0
138,5LT,20181117_050604.avi,0.0
139,5LR,20181117_050555.avi,0.0
140,5MT,20181206_022743.avi,0.0
141,5LB,20181117_050434.avi,0.0
142,5LZ,20181117_050634.avi,0.0
143,5JJ,20181117_045856.avi,0.0
144,0N0,20181117_041647.avi,0.0
145,5QV,20190126_122756.avi,0.0
146,0NL,20181117_041901.avi,0.0
147,0NB,20181117_041745.avi,0.0
148,0MP,20181117_041547.avi,0.0
149,0NA,20181117_041739.avi,0.0
150,0NM,20181117_041907.avi,0.0
151,0L5,20181022_030004.avi,0.0
152,5L4,20181117_050359.avi,0.0
153,0LM,20181022_115502.avi,0.0
154,0NH,20181117_041833.avi,0.0
155,5R1,20190126_123431.avi,0.0
156,0KX,20181020_045647.avi,0.0
157,0LX,20181023_102126.avi,0.0
158,5SG,20190126_131624.avi,0.0
159,0NQ,20181117_041934.avi,0.0
160,0MV,20181117_041621.avi,0.0
161,5M7,20181117_050712.avi,0.0
162,0KJ,20181020_034645.avi,0.0
163,5S3,20190126_131431.avi,0.0
164,5KO,20181117_050234.avi,0.0
165,5R7,20190126_123746.avi,0.0
166,0M9,20181023_110746.avi,0.0
167,5L7,20181117_050415.avi,0.0
168,5M5,20181117_050703.avi,0.0
169,0KB,20181020_031922.avi,0.0
170,5RY,20190126_131352.avi,0.0
171,00B,20180819_050001.avi,0.0
172,0KZ,20181020_045709.avi,0.0
173,5SP,20190126_131731.avi,0.0
174,5ME,20181118_055007.avi,0.0
175,5OT,20190126_122526.avi,0.0
176,5MZ,20190126_030159.avi,0.0
177,5SI,20190126_131638.avi,0.0
178,5MO,20181205_055532.avi,0.0
179,5SF,20190126_131617.avi,0.0
180,5J4,20181117_043151.avi,0.0
181,5N0,20190126_030208.avi,0.0
182,5RJ,20190126_131137.avi,0.0
183,0LO,20181022_115727.avi,0.0
184,5M4,20181117_050659.avi,0.0
185,0LN,20181022_115622.avi,0.0
186,5RH,20190126_131120.avi,0.0
187,0M6,20181023_102218.avi,0.0
188,5JI,20181117_043254.avi,0.0
189,5L8,20181117_050419.avi,0.0
190,5LS,20181117_050600.avi,0.0
191,0MG,20181117_041456.avi,0.0
192,5R5,20190126_123728.avi,0.0
193,5SB,20190126_131549.avi,0.0
194,5S7,20190126_131519.avi,0.0
195,0K3,20181020_030832.avi,0.0
196,0LZ,20181023_102137.avi,0.0
197,0L6,20181022_061623.avi,0.0
198,0MO,20181117_041542.avi,0.0
199,0MI,20181117_041508.avi,0.0
200,0M5,20181023_102214.avi,0.0
201,0MT,20181117_041610.avi,0.0
202,0ME,20181117_034532.avi,0.0
203,0LY,20181023_102129.avi,0.0
204,0NK,20181117_041856.avi,0.0
205,0M4,20181023_102210.avi,0.0
206,5KH,20181117_050158.avi,0.0
207,0LU,20181023_042026.avi,0.0
208,5RE,20190126_130912.avi,0.0
209,5LD,20181117_050444.avi,0.0
210,0KM,20181020_034810.avi,0.0
211,5KA,20181117_050120.avi,0.0
212,5MV,20181206_025413.avi,0.0
213,0L7,20181022_102519.avi,0.0
214,0JY,20181019_115534.avi,1.0
215,5S4,20190126_131444.avi,0.0
216,5R0,20190126_123131.avi,0.0
217,5JC,20181117_043228.avi,0.0
218,0LD,20181022_111615.avi,0.0
219,043,20180819_092050.avi,0.0
220,5KW,20181117_050317.avi,0.0
221,0NO,20181117_041922.avi,0.0
222,0KK,20181020_034741.avi,0.0
223,0N5,20181117_041711.avi,0.0
224,5R3,20190126_123612.avi,0.0
225,0LT,20181023_040851.avi,0.0
226,029,20180819_053549.avi,0.0
227,5L5,20181117_050404.avi,0.0
228,5JL,20181117_045905.avi,0.0
229,0MW,20181117_041627.avi,0.0
230,5RQ,20190126_131236.avi,0.0
231,5RR,20190126_131246.avi,0.0
232,5L2,20181117_050349.avi,0.0
233,5SM,20190126_131709.avi,0.0
234,0KO,20181020_034819.avi,0.0
235,0LF,20181022_111823.avi,0.0
236,5M0,20181117_050639.avi,0.0
237,5KQ,20181117_050245.avi,0.0
238,5L6,20181117_050410.avi,0.0
239,5SC,20190126_131556.avi,0.0
240,0KT,20181020_035232.avi,0.0
241,5MK,20181205_030912.avi,0.0
242,5OJ,20190126_050200.avi,0.0
243,0KS,20181020_035122.avi,0.0
244,5KF,20181117_050147.avi,0.0
245,0NR,20181117_041940.avi,0.0
246,5MJ,20181119_124201.avi,1.0
247,5LC,20181117_050439.avi,0.0
248,5JA,20181117_043219.avi,0.0
249,5RZ,20190126_131359.avi,0.0
250,5RP,20190126_131228.avi,0.0
251,5QO,20190126_122649.avi,0.0
252,5S9,20190126_131534.avi,0.0
253,5L9,20181117_050424.avi,0.0
254,0LV,20181023_095802.avi,0.0
255,5S0,20190126_131407.avi,0.0
256,0MZ,20181117_041642.avi,0.0
257,0K6,20181020_031125.avi,0.0
258,0N9,20181117_041733.avi,0.0
259,5MC,20181118_021044.avi,0.0
260,0MC,20181117_034502.avi,0.0
261,5KG,20181117_050152.avi,0.0
262,5M1,20181117_050644.avi,0.0
263,5JO,20181117_045923.avi,0.0
264,5R9,20190126_123816.avi,0.0
265,5MF,20181118_102202.avi,1.0
266,5LN,20181117_050536.avi,0.0
267,5MP,20181205_110532.avi,0.0
268,0L8,20181022_102916.avi,0.0
269,5JR,20181117_045939.avi,0.0
270,5OW,20190126_122624.avi,0.0
271,0LR,20181023_040550.avi,0.0
272,5R2,20190126_123438.avi,0.0
273,0K0,20181020_030803.avi,0.0
274,5K5,20181117_050053.avi,0.0
275,5RX,20190126_131345.avi,0.0
276,5KJ,20181117_050207.avi,0.0
277,5M2,20181117_050649.avi,0.0
278,5JH,20181117_043251.avi,0.0
279,5OR,20190126_122509.avi,0.0
280,0H5,20180925_111233.avi,0.0
281,5K4,20181117_050048.avi,0.0
282,5KC,20181117_050131.avi,0.0
283,0M2,20181023_102201.avi,0.0
284,fixme,20180819_050726.avi,0.0
285,5JQ,20181117_045934.avi,0.0
286,5R6,20190126_123737.avi,0.0
287,5LI,20181117_050510.avi,0.0
288,0KI,20181020_034108.avi,0.0
289,5RB,20190126_130851.avi,0.0
290,5QY,20190126_123014.avi,0.0
291,5RD,20190126_130905.avi,0.0
292,5JM,20181117_045911.avi,0.0
293,5LW,20181117_050619.avi,0.0
294,0N7,20181117_041721.avi,0.0
295,5JY,20181117_050017.avi,0.0
296,5SR,20190126_131745.avi,0.0
297,5K1,20181117_050033.avi,0.0
298,5LY,20181117_050629.avi,0.0
299,5OP,20190126_122444.avi,0.0
300,01X,20180819_053406.avi,0.0
301,5JN,20181117_045917.avi,0.0
302,5KZ,20181117_050333.avi,0.0
303,047,20180819_092151.avi,0.0
304,5LX,20181117_050624.avi,0.0
305,0NS,20181117_041947.avi,0.0
306,5KT,20181117_050302.avi,0.0
307,0KY,20181020_045652.avi,0.0
308,5LK,20181117_050520.avi,0.0
309,5LA,20181117_050429.avi,0.0
310,5RW,20190126_131326.avi,0.0
311,5QW,20190126_122806.avi,0.0
312,0L9,20181022_103010.avi,0.0
313,0MR,20181117_041559.avi,0.0
314,0MJ,20181117_041514.avi,0.0
315,5JW,20181117_050006.avi,0.0
316,0KN,20181020_034814.avi,0.0
317,5MB,20181118_021034.avi,0.0
318,5OU,20190126_122533.avi,0.0
319,0NF,20181117_041811.avi,0.0
320,0LP,20181022_115743.avi,0.0
321,fixme,20180819_094356.avi,0.0
322,5R4,20190126_123618.avi,0.0
323,5OV,20190126_122540.avi,0.0
324,0M3,20181023_102206.avi,0.0
325,5RT,20190126_131302.avi,0.0
326,5LF,20181117_050454.avi,0.0
327,5MN,20181205_051755.avi,0.0
328,06C,20180819_101841.avi,0.0
329,5RC,20190126_130857.avi,0.0
330,5SO,20190126_131724.avi,0.0
331,5JU,20181117_045955.avi,0.0
332,5RL,20190126_131156.avi,0.0
333,0LJ,20181022_114652.avi,0.0
334,0LB,20181022_104940.avi,0.0
335,5J9,20181117_043214.avi,0.0
336,0ND,20181117_041758.avi,0.0
337,5SH,20190126_131631.avi,0.0
338,0M8,20181023_102414.avi,0.0
339,0L2,20181021_030004.avi,0.0
340,5LV,20181117_050614.avi,0.0
341,0LG,20181022_112058.avi,0.0
342,5KI,20181117_050203.avi,0.0
343,0MQ,20181117_041553.avi,0.0
344,0MS,20181117_041605.avi,0.0
345,5OK,20190126_054509.avi,0.0
346,0N8,20181117_041727.avi,0.0
347,5J2,20181117_043148.avi,0.0
348,5K7,20181117_050104.avi,0.0
349,5KU,20181117_050307.avi,0.0
350,5LQ,20181117_050550.avi,0.0
351,5QZ,20190126_123023.avi,0.0
352,0NU,20181117_041959.avi,0.0
353,5JB,20181117_043224.avi,0.0
354,0KV,20181020_035826.avi,0.0
355,5JG,20181117_043247.avi,0.0
356,0LS,20181023_040607.avi,0.0
357,0LI,20181022_113414.avi,0.0
358,0L1,20181020_045826.avi,0.0
359,0NG,20181117_041818.avi,0.0
360,5K0,20181117_050028.avi,0.0
361,0M7,20181023_102224.avi,0.0
362,0KG,20181020_033754.avi,0.0
363,0MM,20181117_041531.avi,0.0
364,5KY,20181117_050328.avi,0.0
365,5RS,20190126_131254.avi,0.0
366,5MU,20181206_024002.avi,0.0
367,0LQ,20181023_030004.avi,0.0
368,5JK,20181117_045900.avi,0.0
369,0KP,20181020_034830.avi,0.0
370,5MR,20181206_021238.avi,0.0
371,0LE,20181022_111718.avi,0.0
372,5RA,20190126_123825.avi,0.0
373,0KU,20181020_035308.avi,0.0
374,5KD,20181117_050136.avi,0.0
375,5LG,20181117_050459.avi,0.0
376,003,20180814_050001.avi,0.0
377,004,20180814_050556.avi,0.0
378,005,20180814_050603.avi,0.0
379,006,20180814_050609.avi,0.0
380,007,20180814_061256.avi,0.0
381,008,20180814_095103.avi,0.0
382,009,20180814_100539.avi,0.0
383,00A,20180814_111326.avi,0.0
384,00B,20180819_050002.avi,0.0
385,00C,20180819_050621.avi,0.0
386,00D,20180819_050649.avi,0.0
387,00E,20180819_050652.avi,0.0
388,00F,20180819_050658.avi,0.0
389,00G,20180819_050718.avi,0.0
390,00H,20180819_050730.avi,0.0
391,00I,20180819_050734.avi,0.0
392,00J,20180819_051230.avi,0.0
393,00K,20180819_051236.avi,0.0
394,00L,20180819_051303.avi,0.0
395,00M,20180819_051308.avi,0.0
396,00N,20180819_051319.avi,0.0
397,00O,20180819_051344.avi,0.0
398,00P,20180819_051349.avi,0.0
399,00Q,20180819_051404.avi,0.0
400,00R,20180819_051417.avi,0.0
401,00S,20180819_051428.avi,0.0
402,00T,20180819_051442.avi,0.0
403,00U,20180819_051454.avi,0.0
404,00V,20180819_051500.avi,0.0
405,00W,20180819_051537.avi,0.0
406,00X,20180819_051540.avi,0.0
407,00Y,20180819_051545.avi,0.0
408,00Z,20180819_051554.avi,0.0
409,010,20180819_051726.avi,0.0
410,011,20180819_051729.avi,0.0
411,012,20180819_051735.avi,0.0
412,013,20180819_051808.avi,0.0
413,014,20180819_051819.avi,0.0
414,015,20180819_051830.avi,0.0
415,016,20180819_051836.avi,0.0
416,017,20180819_051840.avi,0.0
417,018,20180819_051914.avi,0.0
418,019,20180819_052355.avi,0.0
419,01A,20180819_052402.avi,0.0
420,01B,20180819_052408.avi,0.0
421,01C,20180819_052414.avi,0.0
422,01D,20180819_052421.avi,0.0
423,01E,20180819_053116.avi,0.0
424,01F,20180819_053126.avi,0.0
425,01G,20180819_053131.avi,0.0
426,01H,20180819_053136.avi,0.0
427,01I,20180819_053143.avi,0.0
428,01J,20180819_053149.avi,0.0
429,01K,20180819_053156.avi,0.0
430,01L,20180819_053202.avi,0.0
431,01M,20180819_053211.avi,0.0
432,01N,20180819_053216.avi,0.0
433,01O,20180819_053301.avi,0.0
434,01P,20180819_053305.avi,0.0
435,01Q,20180819_053310.avi,0.0
436,01R,20180819_053315.avi,0.0
437,01S,20180819_053328.avi,0.0
438,01T,20180819_053333.avi,0.0
439,01U,20180819_053347.avi,0.0
440,01V,20180819_053350.avi,0.0
441,01W,20180819_053400.avi,0.0
442,01X,20180819_053407.avi,0.0
443,01Y,20180819_053412.avi,0.0
444,01Z,20180819_053423.avi,0.0
445,020,20180819_053432.avi,0.0
446,021,20180819_053437.avi,0.0
447,022,20180819_053448.avi,0.0
448,023,20180819_053454.avi,0.0
449,024,20180819_053507.avi,0.0
450,025,20180819_053517.avi,0.0
451,026,20180819_053529.avi,0.0
452,027,20180819_053534.avi,0.0
453,028,20180819_053544.avi,0.0
454,029,20180819_053550.avi,0.0
455,02A,20180819_053555.avi,0.0
456,02B,20180819_053600.avi,0.0
457,02C,20180819_053619.avi,0.0
458,02D,20180819_053627.avi,0.0
459,02E,20180819_053631.avi,0.0
460,02F,20180819_053646.avi,0.0
461,02G,20180819_053706.avi,0.0
462,02H,20180819_053715.avi,0.0
463,02I,20180819_053724.avi,0.0
464,02J,20180819_053730.avi,0.0
465,02K,20180819_053735.avi,0.0
466,02L,20180819_053740.avi,0.0
467,02M,20180819_053750.avi,0.0
468,02N,20180819_053756.avi,0.0
469,02O,20180819_053800.avi,0.0
470,02P,20180819_053903.avi,0.0
471,02Q,20180819_053921.avi,0.0
472,02R,20180819_053931.avi,0.0
473,02S,20180819_054041.avi,0.0
474,02T,20180819_054144.avi,0.0
475,02U,20180819_054152.avi,0.0
476,02V,20180819_054221.avi,0.0
477,02W,20180819_054232.avi,0.0
478,02X,20180819_054352.avi,0.0
479,02Y,20180819_054359.avi,0.0
480,02Z,20180819_054408.avi,0.0
481,030,20180819_054418.avi,0.0
482,031,20180819_054425.avi,0.0
483,032,20180819_054434.avi,0.0
484,033,20180819_054440.avi,0.0
485,034,20180819_054556.avi,0.0
486,035,20180819_054610.avi,0.0
487,036,20180819_054615.avi,0.0
488,037,20180819_054848.avi,0.0
489,038,20180819_054901.avi,0.0
490,039,20180819_054924.avi,0.0
491,03A,20180819_054929.avi,0.0
492,03B,20180819_055130.avi,0.0
493,03C,20180819_055139.avi,0.0
494,03D,20180819_055154.avi,0.0
495,03E,20180819_055220.avi,0.0
496,03F,20180819_055226.avi,0.0
497,03G,20180819_055231.avi,0.0
498,03H,20180819_055237.avi,0.0
499,03I,20180819_055242.avi,0.0
500,03J,20180819_055249.avi,0.0
501,03K,20180819_055257.avi,0.0
502,03L,20180819_055321.avi,0.0
503,03M,20180819_055327.avi,0.0
504,03N,20180819_055354.avi,0.0
505,03O,20180819_055408.avi,0.0
506,03P,20180819_055433.avi,0.0
507,03Q,20180819_055438.avi,0.0
508,03R,20180819_060309.avi,0.0
509,03S,20180819_062853.avi,0.0
510,03T,20180819_063930.avi,0.0
511,03U,20180819_082005.avi,0.0
512,03V,20180819_091810.avi,0.0
513,03W,20180819_091815.avi,0.0
514,03X,20180819_091931.avi,0.0
515,03Y,20180819_091943.avi,0.0
516,03Z,20180819_091947.avi,0.0
517,040,20180819_091952.avi,0.0
518,041,20180819_092008.avi,0.0
519,042,20180819_092014.avi,0.0
520,043,20180819_092051.avi,0.0
521,044,20180819_092056.avi,0.0
522,045,20180819_092110.avi,0.0
523,046,20180819_092114.avi,0.0
524,047,20180819_092152.avi,0.0
525,048,20180819_092214.avi,0.0
526,049,20180819_092300.avi,0.0
527,04A,20180819_092311.avi,0.0
528,04B,20180819_092324.avi,0.0
529,04C,20180819_092344.avi,0.0
530,04D,20180819_092402.avi,0.0
531,04E,20180819_092412.avi,0.0
532,04F,20180819_092424.avi,0.0
533,04G,20180819_092447.avi,0.0
534,04H,20180819_092508.avi,0.0
535,04I,20180819_092549.avi,0.0
536,04J,20180819_092624.avi,0.0
537,04K,20180819_092634.avi,0.0
538,04L,20180819_092657.avi,0.0
539,04M,20180819_092704.avi,0.0
540,04N,20180819_092708.avi,0.0
541,04O,20180819_092717.avi,0.0
542,04P,20180819_092751.avi,0.0
543,04Q,20180819_093139.avi,0.0
544,04R,20180819_093206.avi,0.0
545,04S,20180819_093211.avi,0.0
546,04T,20180819_093218.avi,0.0
547,04U,20180819_093239.avi,0.0
548,04V,20180819_093317.avi,0.0
549,04W,20180819_093326.avi,0.0
550,04X,20180819_093347.avi,0.0
551,04Y,20180819_093352.avi,0.0
552,04Z,20180819_093417.avi,0.0
553,050,20180819_093430.avi,0.0
554,051,20180819_093449.avi,0.0
555,052,20180819_093510.avi,0.0
556,053,20180819_093520.avi,0.0
557,054,20180819_093530.avi,0.0
558,055,20180819_093642.avi,0.0
559,056,20180819_093839.avi,0.0
560,057,20180819_093941.avi,0.0
561,058,20180819_093945.avi,0.0
562,059,20180819_093951.avi,0.0
563,05A,20180819_093957.avi,0.0
564,05B,20180819_094004.avi,0.0
565,05C,20180819_094014.avi,0.0
566,05D,20180819_094025.avi,0.0
567,05E,20180819_094033.avi,0.0
568,05F,20180819_094037.avi,0.0
569,05G,20180819_094043.avi,0.0
570,05H,20180819_094047.avi,0.0
571,05I,20180819_094120.avi,0.0
572,05J,20180819_094130.avi,0.0
573,05K,20180819_094155.avi,0.0
574,05L,20180819_094206.avi,0.0
575,05M,20180819_094326.avi,0.0
576,05N,20180819_094332.avi,0.0
577,05O,20180819_094339.avi,0.0
578,05P,20180819_094358.avi,0.0
579,05Q,20180819_094410.avi,0.0
580,05R,20180819_094557.avi,0.0
581,05S,20180819_094612.avi,0.0
582,05T,20180819_094827.avi,0.0
583,05U,20180819_094833.avi,0.0
584,05V,20180819_094945.avi,0.0
585,05W,20180819_095018.avi,0.0
586,05X,20180819_095026.avi,0.0
587,05Y,20180819_095035.avi,0.0
588,05Z,20180819_095039.avi,0.0
589,060,20180819_095046.avi,0.0
590,061,20180819_095057.avi,0.0
591,062,20180819_095101.avi,0.0
592,063,20180819_095104.avi,0.0
593,064,20180819_095132.avi,0.0
594,065,20180819_095236.avi,0.0
595,066,20180819_095243.avi,0.0
596,067,20180819_095249.avi,0.0
597,068,20180819_095324.avi,0.0
598,069,20180819_095342.avi,0.0
599,06A,20180819_101821.avi,0.0
600,06B,20180819_101829.avi,0.0
601,06C,20180819_101842.avi,0.0
602,06D,20180819_101847.avi,0.0
603,06E,20180819_101853.avi,0.0
604,06F,20180819_101909.avi,0.0
605,06G,20180819_101928.avi,0.0
606,06H,20180819_101937.avi,0.0
607,06I,20180819_101942.avi,0.0
608,06J,20180819_101956.avi,0.0
609,06K,20180819_102023.avi,0.0
610,06L,20180819_102027.avi,0.0
611,06M,20180819_102033.avi,0.0
612,06N,20180819_102314.avi,0.0
613,06O,20180819_102327.avi,0.0
614,06P,20180819_102339.avi,0.0
615,06Q,20180819_102347.avi,0.0
616,06R,20180819_103103.avi,0.0
617,06S,20180819_103112.avi,0.0
618,06T,20180819_103121.avi,0.0
619,06U,20180819_103131.avi,0.0
620,06V,20180819_103146.avi,0.0
621,06W,20180819_103211.avi,0.0
622,06X,20180819_103216.avi,0.0
623,06Y,20180819_103226.avi,0.0
624,06Z,20180819_103232.avi,0.0
625,070,20180819_103437.avi,0.0
626,071,20180819_103446.avi,0.0
627,072,20180819_103512.avi,0.0
628,073,20180819_103518.avi,0.0
629,074,20180819_103537.avi,0.0
630,075,20180819_103601.avi,0.0
631,076,20180819_103619.avi,0.0
632,077,20180819_103629.avi,0.0
633,078,20180819_103648.avi,0.0
634,079,20180819_103732.avi,0.0
635,07A,20180819_103743.avi,0.0
636,07B,20180819_103813.avi,0.0
637,07C,20180819_103824.avi,0.0
638,07D,20180819_103841.avi,0.0
639,07E,20180819_103845.avi,0.0
640,07F,20180819_103855.avi,0.0
641,07G,20180819_103903.avi,0.0
642,07H,20180819_103921.avi,0.0
643,07I,20180819_105138.avi,0.0
644,07J,20180819_105306.avi,0.0
645,07K,20180819_105315.avi,0.0
646,07L,20180819_105323.avi,0.0
647,07M,20180819_105332.avi,0.0
648,07N,20180819_105335.avi,0.0
649,07O,20180819_105339.avi,0.0
650,07P,20180819_105349.avi,0.0
651,07Q,20180819_105354.avi,0.0
652,07R,20180819_105406.avi,0.0
653,07S,20180819_105437.avi,0.0
654,07T,20180819_105456.avi,0.0
655,07U,20180819_105503.avi,0.0
656,07V,20180819_105526.avi,0.0
657,07W,20180819_105648.avi,0.0
658,07X,20180819_105653.avi,0.0
659,07Y,20180819_105706.avi,0.0
660,07Z,20180819_105713.avi,0.0
661,080,20180819_105721.avi,0.0
662,081,20180819_105730.avi,0.0
663,082,20180819_105733.avi,0.0
664,083,20180819_105746.avi,0.0
665,084,20180819_105805.avi,0.0
666,085,20180819_105907.avi,0.0
667,086,20180819_112857.avi,0.0
668,087,20180819_112909.avi,0.0
669,088,20180819_112916.avi,0.0
670,089,20180819_113004.avi,0.0
671,08A,20180819_113019.avi,0.0
672,08B,20180819_113038.avi,0.0
673,08C,20180819_113053.avi,0.0
674,08D,20180819_113105.avi,0.0
675,08E,20180819_113131.avi,0.0
676,08F,20180819_113136.avi,0.0
677,08G,20180819_113803.avi,0.0
678,08H,20180820_050354.avi,0.0
679,08I,20180820_050424.avi,0.0
680,08J,20180820_050430.avi,0.0
681,08K,20180820_050434.avi,0.0
682,08L,20180820_050443.avi,0.0
683,08M,20180820_050455.avi,0.0
684,08N,20180820_050458.avi,0.0
685,08O,20180820_050501.avi,0.0
686,08P,20180820_050505.avi,0.0
687,08Q,20180820_050514.avi,0.0
688,08R,20180820_050518.avi,0.0
689,08S,20180820_050556.avi,0.0
690,08T,20180820_050610.avi,0.0
691,08U,20180820_050616.avi,0.0
692,08V,20180820_050718.avi,0.0
693,08W,20180820_050728.avi,0.0
694,08X,20180820_050736.avi,0.0
695,08Y,20180820_051316.avi,0.0
696,08Z,20180820_051340.avi,0.0
697,090,20180820_051822.avi,0.0
698,091,20180820_051845.avi,0.0
699,092,20180820_051853.avi,0.0
700,093,20180820_051859.avi,0.0
701,094,20180820_051903.avi,0.0
702,095,20180820_051907.avi,0.0
703,096,20180820_052309.avi,0.0
704,097,20180820_052313.avi,0.0
705,098,20180820_052332.avi,0.0
706,099,20180820_052345.avi,0.0
707,09A,20180820_052351.avi,0.0
708,09B,20180820_052356.avi,0.0
709,09C,20180820_052409.avi,0.0
710,09D,20180820_052412.avi,0.0
711,09E,20180820_052417.avi,0.0
712,09F,20180820_052434.avi,0.0
713,09G,20180820_052437.avi,0.0
714,09H,20180820_052453.avi,0.0
715,09I,20180820_052503.avi,0.0
716,09J,20180820_052511.avi,0.0
717,09K,20180820_052515.avi,0.0
718,09L,20180820_052518.avi,0.0
719,09M,20180820_052754.avi,0.0
720,09N,20180820_052759.avi,0.0
721,09O,20180820_053942.avi,0.0
722,09P,20180820_053948.avi,0.0
723,09Q,20180820_053954.avi,0.0
724,09R,20180820_055704.avi,0.0
725,09S,20180820_055818.avi,0.0
726,09T,20180820_061416.avi,0.0
727,09U,20180820_061422.avi,0.0
728,09V,20180820_061435.avi,0.0
729,09W,20180820_061503.avi,0.0
730,09X,20180820_061611.avi,0.0
731,09Y,20180820_061735.avi,0.0
732,09Z,20180820_061745.avi,0.0
733,0A0,20180820_062031.avi,0.0
734,0A1,20180820_062035.avi,0.0
735,0A2,20180820_062400.avi,0.0
736,0A3,20180820_062413.avi,0.0
737,0A4,20180820_073641.avi,0.0
738,0A5,20180820_073658.avi,0.0
739,0A6,20180820_073716.avi,0.0
740,0A7,20180820_073731.avi,0.0
741,0A8,20180820_073851.avi,0.0
742,0A9,20180820_074008.avi,0.0
743,0AA,20180820_092219.avi,0.0
744,0AB,20180828_072344.avi,0.0
745,0AC,20180828_072348.avi,0.0
746,0AD,20180828_072355.avi,0.0
747,0AE,20180828_072400.avi,0.0
748,0AF,20180828_072408.avi,0.0
749,0AG,20180828_072418.avi,0.0
750,0AH,20180828_072429.avi,0.0
751,0AI,20180828_072439.avi,0.0
752,0AJ,20180828_072511.avi,0.0
753,0AK,20180828_072516.avi,0.0
754,0AL,20180828_072525.avi,0.0
755,0AM,20180828_073052.avi,0.0
756,0AN,20180828_073059.avi,0.0
757,0AO,20180828_073125.avi,0.0
758,0AP,20180828_073131.avi,0.0
759,0AQ,20180828_073143.avi,0.0
760,0AR,20180828_073150.avi,0.0
761,0AS,20180828_073155.avi,0.0
762,0AT,20180828_073509.avi,0.0
763,0AU,20180828_073602.avi,0.0
764,0AV,20180828_073609.avi,0.0
765,0AW,20180828_073641.avi,0.0
766,0AX,20180828_073652.avi,0.0
767,0AY,20180828_073655.avi,0.0
768,0AZ,20180828_073711.avi,0.0
769,0B0,20180828_073715.avi,0.0
770,0B1,20180828_073720.avi,0.0
771,0B2,20180828_073735.avi,0.0
772,0B3,20180828_073739.avi,0.0
773,0B4,20180828_073756.avi,0.0
774,0B5,20180828_073803.avi,0.0
775,0B6,20180828_073814.avi,0.0
776,0B7,20180828_073823.avi,0.0
777,0B8,20180828_073841.avi,0.0
778,0B9,20180828_073859.avi,0.0
779,0BA,20180828_073917.avi,0.0
780,0BB,20180828_073927.avi,0.0
781,0BC,20180828_073946.avi,0.0
782,0BD,20180828_073954.avi,0.0
783,0BE,20180828_074000.avi,0.0
784,0BF,20180828_074010.avi,0.0
785,0BG,20180828_074019.avi,0.0
786,0BH,20180828_074026.avi,0.0
787,0BI,20180828_074039.avi,0.0
788,0BJ,20180828_074045.avi,0.0
789,0BK,20180828_074100.avi,0.0
790,0BL,20180828_074133.avi,0.0
791,0BM,20180828_074141.avi,0.0
792,0BN,20180828_074149.avi,0.0
793,0BO,20180828_074212.avi,0.0
794,0BP,20180828_074216.avi,0.0
795,0BQ,20180828_074240.avi,0.0
796,0BR,20180828_074256.avi,0.0
797,0BS,20180828_074321.avi,0.0
798,0BT,20180828_074326.avi,0.0
799,0BU,20180828_074336.avi,0.0
800,0BV,20180828_074355.avi,0.0
801,0BW,20180828_074401.avi,0.0
802,0BX,20180828_074410.avi,0.0
803,0BY,20180828_074422.avi,0.0
804,0BZ,20180828_074615.avi,0.0
805,0C0,20180828_074626.avi,0.0
806,0C1,20180828_074720.avi,0.0
807,0C2,20180828_074727.avi,0.0
808,0C3,20180828_074937.avi,0.0
809,0C4,20180828_074950.avi,0.0
810,0C5,20180828_074959.avi,0.0
811,0C6,20180828_075002.avi,0.0
812,0C7,20180828_075008.avi,0.0
813,0C8,20180828_075011.avi,0.0
814,0C9,20180828_075021.avi,0.0
815,0CA,20180828_075027.avi,0.0
816,0CB,20180828_075031.avi,0.0
817,0CC,20180828_075036.avi,0.0
818,0CD,20180828_075041.avi,0.0
819,0CE,20180828_075046.avi,0.0
820,0CF,20180828_075054.avi,0.0
821,0CG,20180828_075117.avi,0.0
822,0CH,20180828_075613.avi,0.0
823,0CI,20180828_075620.avi,0.0
824,0CJ,20180828_075636.avi,0.0
825,0CK,20180828_075643.avi,0.0
826,0CL,20180828_075649.avi,0.0
827,0CM,20180828_080003.avi,0.0
828,0CN,20180828_080038.avi,0.0
829,0CO,20180828_080044.avi,0.0
830,0CP,20180828_080052.avi,0.0
831,0CQ,20180828_080100.avi,0.0
832,0CR,20180828_082129.avi,0.0
833,0CS,20180828_082136.avi,0.0
834,0CT,20180828_082210.avi,0.0
835,0CU,20180828_082213.avi,0.0
836,0CV,20180828_082220.avi,0.0
837,0CW,20180828_082234.avi,0.0
838,0CX,20180828_082302.avi,0.0
839,0CY,20180828_082306.avi,0.0
840,0CZ,20180828_082317.avi,0.0
841,0D0,20180828_082323.avi,0.0
842,0D1,20180828_083121.avi,0.0
843,0D2,20180828_084538.avi,0.0
844,0D3,20180828_084619.avi,0.0
845,0D4,20180828_084624.avi,0.0
846,0D5,20180828_084641.avi,0.0
847,0D6,20180828_084648.avi,0.0
848,0D7,20180828_084653.avi,0.0
849,0D8,20180828_084659.avi,0.0
850,0D9,20180828_084706.avi,0.0
851,0DA,20180828_084724.avi,0.0
852,0DB,20180828_084740.avi,0.0
853,0DC,20180828_084746.avi,0.0
854,0DD,20180828_084752.avi,0.0
855,0DE,20180828_084801.avi,0.0
856,0DF,20180828_084812.avi,0.0
857,0DG,20180828_084817.avi,0.0
858,0DH,20180828_084827.avi,0.0
859,0DI,20180828_084837.avi,0.0
860,0DJ,20180828_084903.avi,0.0
861,0DK,20180828_084909.avi,0.0
862,0DL,20180828_084914.avi,0.0
863,0DM,20180828_084918.avi,0.0
864,0DN,20180828_084923.avi,0.0
865,0DO,20180828_084928.avi,0.0
866,0DP,20180828_084937.avi,0.0
867,0DQ,20180828_084953.avi,0.0
868,0DR,20180828_085004.avi,0.0
869,0DS,20180828_085011.avi,0.0
870,0DT,20180828_085839.avi,0.0
871,0DU,20180828_085846.avi,0.0
872,0DV,20180828_085852.avi,0.0
873,0DW,20180828_085900.avi,0.0
874,0DX,20180828_090528.avi,0.0
875,0DY,20180828_090536.avi,0.0
876,0DZ,20180828_090602.avi,0.0
877,0E0,20180828_090617.avi,0.0
878,0E1,20180828_090621.avi,0.0
879,0E2,20180828_090631.avi,0.0
880,0E3,20180828_090646.avi,0.0
881,0E4,20180828_090706.avi,0.0
882,0E5,20180828_090716.avi,0.0
883,0E6,20180828_090727.avi,0.0
884,0E7,20180828_090736.avi,0.0
885,0E8,20180828_090745.avi,0.0
886,0E9,20180828_090802.avi,0.0
887,0EA,20180828_090815.avi,0.0
888,0EB,20180828_090826.avi,0.0
889,0EC,20180828_090850.avi,0.0
890,0ED,20180828_090908.avi,0.0
891,0EE,20180828_090919.avi,0.0
892,0EF,20180828_090929.avi,0.0
893,0EG,20180828_091016.avi,0.0
894,0EH,20180828_091044.avi,0.0
895,0EI,20180828_091052.avi,0.0
896,0EJ,20180828_091101.avi,0.0
897,0EK,20180828_093213.avi,0.0
898,0EL,20180828_093224.avi,0.0
899,0EM,20180828_093234.avi,0.0
900,0EN,20180828_093241.avi,0.0
901,0EO,20180828_093246.avi,0.0
902,0EP,20180828_093250.avi,0.0
903,0EQ,20180828_093352.avi,0.0
904,0ER,20180828_093358.avi,0.0
905,0ES,20180828_093428.avi,0.0
906,0ET,20180828_093436.avi,0.0
907,0EU,20180828_094239.avi,0.0
908,0EV,20180829_094240.avi,1.0
909,0EW,20180829_110118.avi,1.0
910,0EX,20180921_080335.avi,0.0
911,0EY,20180921_080352.avi,0.0
912,0EZ,20180921_080356.avi,0.0
913,0F0,20180921_080412.avi,0.0
914,0F1,20180921_080724.avi,0.0
915,0F2,20180921_080831.avi,0.0
916,0F3,20180921_080919.avi,0.0
917,0F4,20180921_081713.avi,0.0
918,0F5,20180921_081758.avi,0.0
919,0F6,20180921_081808.avi,0.0
920,0F7,20180921_081912.avi,0.0
921,0F8,20180921_081916.avi,0.0
922,0F9,20180921_081934.avi,0.0
923,0FA,20180921_082025.avi,0.0
924,0FB,20180921_082032.avi,0.0
925,0FC,20180921_082041.avi,0.0
926,0FD,20180921_082057.avi,0.0
927,0FE,20180921_082403.avi,0.0
928,0FF,20180921_083737.avi,0.0
929,0FG,20180921_083749.avi,0.0
930,0FH,20180921_083958.avi,0.0
931,0FI,20180921_084009.avi,0.0
932,0FJ,20180921_084020.avi,0.0
933,0FK,20180921_084950.avi,0.0
934,0FL,20180921_085145.avi,0.0
935,0FM,20180921_090415.avi,0.0
936,0FN,20180921_090421.avi,0.0
937,0FO,20180921_090458.avi,0.0
938,0FP,20180921_090508.avi,0.0
939,0FQ,20180921_090513.avi,0.0
940,0FR,20180921_090556.avi,0.0
941,0FS,20180921_090606.avi,0.0
942,0FT,20180921_090622.avi,0.0
943,0FU,20180921_090648.avi,0.0
944,0FV,20180921_090656.avi,0.0
945,0FW,20180921_090706.avi,0.0
946,0FX,20180921_090710.avi,0.0
947,0FY,20180921_090738.avi,0.0
948,0FZ,20180921_090827.avi,0.0
949,0G0,20180921_091008.avi,0.0
950,0G1,20180921_091102.avi,0.0
951,0G2,20180921_091108.avi,0.0
952,0G3,20180921_091141.avi,0.0
953,0G4,20180921_091224.avi,0.0
954,0G5,20180921_091232.avi,0.0
955,0G6,20180921_091251.avi,0.0
956,0G7,20180921_091310.avi,0.0
957,0G8,20180921_091329.avi,0.0
958,0G9,20180921_091335.avi,0.0
959,0GA,20180921_091839.avi,0.0
960,0GB,20180921_092123.avi,0.0
961,0GC,20180921_112919.avi,0.0
962,0GD,20180923_040002.avi,0.0
963,0GE,20180924_040002.avi,0.0
964,0GF,20180924_110450.avi,0.0
965,0GG,20180925_042821.avi,0.0
966,0GH,20180925_045743.avi,0.0
967,0GI,20180925_101735.avi,0.0
968,0GJ,20180925_101817.avi,0.0
969,0GK,20180925_101925.avi,0.0
970,0GL,20180925_101931.avi,0.0
971,0GM,20180925_102013.avi,0.0
972,0GN,20180925_103651.avi,0.0
973,0GO,20180925_103705.avi,0.0
974,0GP,20180925_103709.avi,0.0
975,0GQ,20180925_104958.avi,0.0
976,0GR,20180925_105005.avi,0.0
977,0GS,20180925_110422.avi,0.0
978,0GT,20180925_110519.avi,0.0
979,0GU,20180925_110523.avi,0.0
980,0GV,20180925_110637.avi,0.0
981,0GW,20180925_110724.avi,0.0
982,0GX,20180925_110729.avi,0.0
983,0GY,20180925_110826.avi,0.0
984,0GZ,20180925_110840.avi,0.0
985,0H0,20180925_110859.avi,0.0
986,0H1,20180925_110913.avi,0.0
987,0H2,20180925_110922.avi,0.0
988,0H3,20180925_110940.avi,0.0
989,0H4,20180925_111228.avi,0.0
990,0H5,20180925_111234.avi,0.0
991,0H6,20180925_111322.avi,0.0
992,0H7,20180925_111442.avi,0.0
993,0H8,20180925_111449.avi,0.0
994,0H9,20180925_111503.avi,0.0
995,0HA,20180925_112245.avi,0.0
996,0HB,20180925_112501.avi,0.0
997,0HC,20180925_112527.avi,0.0
998,0HD,20180925_112538.avi,0.0
999,0HE,20180926_042655.avi,0.0
1000,0HF,20180926_055126.avi,0.0
1001,0HG,20180926_092044.avi,0.0
1002,0HH,20180926_103338.avi,0.0
1003,0HI,20180926_103343.avi,0.0
1004,0HJ,20180927_042918.avi,0.0
1005,0HK,20180927_042922.avi,0.0
1006,0HL,20180927_044012.avi,0.0
1007,0HM,20180927_071916.avi,0.0
1008,0HN,20180927_071920.avi,0.0
1009,0HO,20180927_071932.avi,0.0
1010,0HP,20180927_071959.avi,0.0
1011,0HQ,20180927_072020.avi,0.0
1012,0HR,20180927_072051.avi,0.0
1013,0HS,20180927_072058.avi,0.0
1014,0HT,20180927_072105.avi,0.0
1015,0HU,20180927_072115.avi,0.0
1016,0HV,20180927_072136.avi,0.0
1017,0HW,20180927_072141.avi,0.0
1018,0HX,20180927_072150.avi,0.0
1019,0HY,20180927_072217.avi,0.0
1020,0HZ,20180927_072233.avi,0.0
1021,0I0,20180927_072248.avi,0.0
1022,0I1,20180927_072255.avi,0.0
1023,0I2,20180927_072302.avi,0.0
1024,0I3,20180927_072343.avi,0.0
1025,0I4,20180927_072358.avi,0.0
1026,0I5,20180927_072403.avi,0.0
1027,0I6,20180927_072420.avi,0.0
1028,0I7,20180927_072441.avi,0.0
1029,0I8,20180927_072526.avi,0.0
1030,0I9,20180927_072556.avi,0.0
1031,0IA,20180927_072929.avi,0.0
1032,0IB,20180927_072934.avi,0.0
1033,0IC,20180927_072942.avi,0.0
1034,0ID,20180927_073034.avi,0.0
1035,0IE,20180927_073312.avi,0.0
1036,0IF,20180929_040010.avi,0.0
1037,0IG,20180929_040016.avi,0.0
1038,0IH,20180929_040136.avi,0.0
1039,0II,20180929_040618.avi,0.0
1040,0IJ,20180929_040622.avi,0.0
1041,0IK,20180929_040711.avi,0.0
1042,0IL,20180929_040719.avi,0.0
1043,0IM,20180929_040724.avi,0.0
1044,0IN,20180929_040733.avi,0.0
1045,0IO,20180929_040757.avi,0.0
1046,0IP,20180929_040807.avi,0.0
1047,0IQ,20180929_040814.avi,0.0
1048,0IR,20180929_040817.avi,0.0
1049,0IS,20180929_040822.avi,0.0
1050,0IT,20180929_040930.avi,0.0
1051,0IU,20180929_040935.avi,0.0
1052,0IV,20180929_040945.avi,0.0
1053,0IW,20180929_040953.avi,0.0
1054,0IX,20180929_040957.avi,0.0
1055,0IY,20180929_041004.avi,0.0
1056,0IZ,20180929_041013.avi,0.0
1057,0J0,20180929_041018.avi,0.0
1058,0J1,20180929_041025.avi,0.0
1059,0J2,20180929_041029.avi,0.0
1060,0J3,20180929_041036.avi,0.0
1061,0J4,20180929_041044.avi,0.0
1062,0J5,20180929_041052.avi,0.0
1063,0J6,20180929_041111.avi,0.0
1064,0J7,20180929_041123.avi,0.0
1065,0J8,20180929_041209.avi,0.0
1066,0J9,20180929_041214.avi,0.0
1067,0JA,20180929_041544.avi,0.0
1068,0JB,20180929_041556.avi,0.0
1069,0JC,20180929_041745.avi,0.0
1070,0JD,20180929_041800.avi,0.0
1071,0JE,20180929_041812.avi,0.0
1072,0JF,20180929_042151.avi,0.0
1073,0JG,20180929_042203.avi,0.0
1074,0JH,20180929_042211.avi,0.0
1075,0JI,20180929_042215.avi,0.0
1076,0JJ,20180929_042224.avi,0.0
1077,0JK,20180929_042235.avi,0.0
1078,0JL,20180929_042249.avi,0.0
1079,0JM,20180929_042327.avi,0.0
1080,0JN,20180929_042343.avi,0.0
1081,0JO,20180929_042349.avi,0.0
1082,0JP,20180929_042404.avi,0.0
1083,0JQ,20181014_040004.avi,0.0
1084,0JR,20181014_070203.avi,0.0
1085,0JS,20181016_070824.avi,0.0
1086,0JT,20181018_040028.avi,0.0
1087,0JU,20181018_040033.avi,0.0
1088,0JV,20181018_084658.avi,0.0
1089,0JW,20181018_084703.avi,0.0
0,0KR,20181020_034851.avi,0.0
1,5RV,20190126_131318.avi,0.0
2,0MA,20181023_111047.avi,0.0
0,5SS,20190303_040002.avi,0.0
1,5ST,20190306_040002.avi,0.0
